"Host bridge","0600","Intel Corporation Device ","8086:4e24","-","Intel Corporation Device [8086:7270]"
"VGA compatible controller","0300","Intel Corporation JasperLake [UHD Graphics] ","8086:4e61","01","Intel Corporation JasperLake [UHD Graphics] [8086:2212]"
"Signal processing controller","1180","Intel Corporation Dynamic Tuning service ","8086:4e03","-","Intel Corporation Dynamic Tuning service [8086:7270]"
"Multimedia controller","0480","Intel Corporation JasperLake IPU ","8086:4e19","-","Intel Corporation JasperLake IPU [8086:7270]"
"System peripheral","0880","Intel Corporation Device ","8086:4e11","-","Intel Corporation Device [8086:7270]"
"Serial bus controller","0C80","Intel Corporation Serial IO I2C Host Controller ","8086:4de8","01","-"
"Communication controller","0780","Intel Corporation Management Engine Interface ","8086:4de0","01","Intel Corporation Management Engine Interface [8086:7270]"
"PCI bridge","0604","Intel Corporation Device ","8086:4dba","01","Intel Corporation Device [8086:7270]"
"PCI bridge","0604","Intel Corporation Device ","8086:4dbb","01","Intel Corporation Device [8086:7270]"
"Ethernet controller","0200","Intel Corporation I211 Gigabit Network Connection ","8086:1539","03","Intel Corporation I211 Gigabit Network Connection [8086:0000]"
"Ethernet controller","0200","Intel Corporation Ethernet Controller I225-V ","8086:15f3","03","Intel Corporation Ethernet Controller I225-V [8086:0000]"
"Non-Volatile memory controller","0108","Sandisk Corp WD Blue SN500 / PC SN520 NVMe SSD ","15b7:5003","01","Sandisk Corp WD Blue SN500 / PC SN520 x2 M.2 2280 NVMe SSD [15b7:5003]"
"Ethernet controller","0200","Mellanox Technologies MT27500 Family [ConnectX-3] ","15b3:1003","-","Mellanox Technologies MT27500 Family [ConnectX-3] [15b3:0113]"
"Host bridge","0600","Intel Corporation Device ","8086:7d14","04","Lenovo Device [17aa:384b] Subsystem: Lenovo Device [17aa:3d23] Subsystem: Lenovo Device [17aa:383d]"
"PCI bridge","0604","Intel Corporation Device ","8086:7e4d","20","COMPAL Electronics Inc Device [14c0:0148]"
"PCI bridge","0604","Intel Corporation Device ","8086:7ecb","10","COMPAL Electronics Inc Device [14c0:0148] Subsystem: COMPAL Electronics Inc Device [14c0:0148] Subsystem: Lenovo Device [17aa:383c] Subsystem: Lenovo Device [17aa:383f] Subsystem: Lenovo Device [17aa:3846] Subsystem: COMPAL Electronics Inc Device [14c0:0148] Subsystem: Lenovo Device [17aa:383b] Subsystem: Lenovo Device [17aa:3829]"
"RAM memory","0500","Intel Corporation Device ","8086:7e7f","20","Lenovo Device [17aa:382d] Subsystem: Intel Corporation Wi-Fi 6E AX211 160MHz [8086:0094] Subsystem: Lenovo Device [17aa:3830] Subsystem: Lenovo Device [17aa:3832] Subsystem: Lenovo Device [17aa:3831] Subsystem: Lenovo Device [17aa:3818] Subsystem: Lenovo Device [17aa:3836] Subsystem: Lenovo Device [17aa:3837]"
"PCI bridge","0604","Intel Corporation Device ","8086:7e38","20","COMPAL Electronics Inc Device [14c0:0148]"
"PCI bridge","0604","Intel Corporation Device ","8086:7e3e","20","COMPAL Electronics Inc Device [14c0:0148]"
"ISA bridge","0601","Intel Corporation Device ","8086:7e02","20","Lenovo Device [17aa:3801] Subsystem: Lenovo Device [17aa:3802] Subsystem: Lenovo Device [17aa:3827] Subsystem: Lenovo Device [17aa:381f]"
"Ethernet controller","0200","Intel Corporation Device ","8086:550b","20","Lenovo Device [17aa:382b]"
"Non-Volatile memory controller","0108","Shenzhen Unionmemory Information System Ltd. Device ","1cc4:6b14","03","Shenzhen Unionmemory Information System Ltd. Device [1cc4:6b14]"
"VGA compatible controller","0300","NVIDIA Corporation AD107M [GeForce RTX 4060 Max-Q / Mobile] ","10de:28a0","a1","Lenovo Device [17aa:3f11]"
"Unassigned class","FF00","Realtek Semiconductor Co., Ltd. RTS522A PCI Express Card Reader ","10ec:522a","01","Lenovo Device [17aa:38d3]"
"Host bridge","0600","Advanced Micro Devices, Inc. [AMD] Device ","1022:14d8","-","Advanced Micro Devices, Inc. [AMD] Device [1022:14d8]"
"IOMMU","0806","Advanced Micro Devices, Inc. [AMD] Device ","1022:14d9","-","Advanced Micro Devices, Inc. [AMD] Device [1022:14d9]"
"Host bridge","0600","Advanced Micro Devices, Inc. [AMD] Device ","1022:14da","-","-"
"PCI bridge","0604","Advanced Micro Devices, Inc. [AMD] Device ","1022:14db","-","Advanced Micro Devices, Inc. [AMD] Device [1022:1453]"
"PCI bridge","0604","Advanced Micro Devices, Inc. [AMD] Device ","1022:14dd","-","Advanced Micro Devices, Inc. [AMD] Device [1022:14dd]"
"PCI bridge","0604","Advanced Micro Devices, Inc. [AMD] Device ","1022:14dd","-","Advanced Micro Devices, Inc. [AMD] Device [1022:14dd] Subsystem: Biostar Microtech Int'l Corp Device [1565:370d]"
"ISA bridge","0601","Advanced Micro Devices, Inc. [AMD] FCH LPC Bridge ","1022:790e","51","Biostar Microtech Int'l Corp Device [1565:370d]"
"Host bridge","0600","Advanced Micro Devices, Inc. [AMD] Device ","1022:14e0","-","-"
"Host bridge","0600","Advanced Micro Devices, Inc. [AMD] Device ","1022:14e1","-","-"
"Host bridge","0600","Advanced Micro Devices, Inc. [AMD] Device ","1022:14e2","-","-"
"Host bridge","0600","Advanced Micro Devices, Inc. [AMD] Device ","1022:14e3","-","-"
"Host bridge","0600","Advanced Micro Devices, Inc. [AMD] Device ","1022:14e4","-","-"
"Host bridge","0600","Advanced Micro Devices, Inc. [AMD] Device ","1022:14e5","-","-"
"Host bridge","0600","Advanced Micro Devices, Inc. [AMD] Device ","1022:14e6","-","-"
"Host bridge","0600","Advanced Micro Devices, Inc. [AMD] Device ","1022:14e7","-","-"
"PCI bridge","0604","Advanced Micro Devices, Inc. [AMD/ATI] Navi 10 XL Upstream Port of PCI Express Switch ","1002:1478","c1","-"
"PCI bridge","0604","Advanced Micro Devices, Inc. [AMD/ATI] Navi 10 XL Downstream Port of PCI Express Switch ","1002:1479","-","Advanced Micro Devices, Inc. [AMD/ATI] Navi 10 XL Downstream Port of PCI Express Switch [1002:1479]"
"VGA compatible controller","0300","Advanced Micro Devices, Inc. [AMD/ATI] Navi 23 [Radeon RX 6650 XT / 6700S / 6800S] ","1002:73ef","c1","Device [1efe:652a]"
"Audio device","0403","Advanced Micro Devices, Inc. [AMD/ATI] Navi 21/23 HDMI/DP Audio Controller ","1002:ab28","-","Advanced Micro Devices, Inc. [AMD/ATI] Navi 21/23 HDMI/DP Audio Controller [1002:ab28]"
"Non-Volatile memory controller","0108","Samsung Electronics Co Ltd NVMe SSD Controller SM981/PM981/PM983 ","144d:a808","-","Samsung Electronics Co Ltd SSD 970 EVO/PRO [144d:a801]"
"PCI bridge","0604","Advanced Micro Devices, Inc. [AMD] 600 Series Chipset PCIe Switch Upstream Port ","1022:43f4","01","ASMedia Technology Inc. Device [1b21:3328]"
"PCI bridge","0604","Advanced Micro Devices, Inc. [AMD] 600 Series Chipset PCIe Switch Downstream Port ","1022:43f5","01","ASMedia Technology Inc. Device [1b21:3328]"
"Ethernet controller","0200","Realtek Semiconductor Co., Ltd. RTL8125 2.5GbE Controller ","10ec:8125","05","Biostar Microtech Int'l Corp Device [1565:2314]"
"USB controller","0C03","Advanced Micro Devices, Inc. [AMD] 600 Series Chipset USB 3.2 Controller ","1022:43f7","01","ASMedia Technology Inc. Device [1b21:1142]"
"SATA controller","0106","Advanced Micro Devices, Inc. [AMD] 600 Series Chipset SATA Controller ","1022:43f6","01","ASMedia Technology Inc. Device [1b21:1062]"
"Network controller","0280","Realtek Semiconductor Co., Ltd. RTL8852BE PCIe 802.11ax Wireless Network Controller ","10ec:b852","-","AzureWave Device [1a3b:5471] Subsystem: Biostar Microtech Int'l Corp Device [1565:170c]"
"Encryption controller","1080","Advanced Micro Devices, Inc. [AMD] Family 19h PSP/CCP ","1022:1649","-","Advanced Micro Devices, Inc. [AMD] Family 19h PSP/CCP [1022:1649]"
"USB controller","0C03","Advanced Micro Devices, Inc. [AMD] Device ","1022:15b6","-","Biostar Microtech Int'l Corp Device [1565:370d]"
"USB controller","0C03","Advanced Micro Devices, Inc. [AMD] Device ","1022:15b7","-","Biostar Microtech Int'l Corp Device [1565:370d]"
"Audio device","0403","Advanced Micro Devices, Inc. [AMD] Family 17h/19h HD Audio Controller ","1022:15e3","-","Biostar Microtech Int'l Corp Device [1565:825e]"
"USB controller","0C03","Advanced Micro Devices, Inc. [AMD] Device ","1022:15b8","-","Biostar Microtech Int'l Corp Device [1565:370d]"
"Host bridge","0600","Advanced Micro Devices, Inc. [AMD] Device ","1022:14d8","-","Lenovo Device [17aa:3801]"
"IOMMU","0806","Advanced Micro Devices, Inc. [AMD] Device ","1022:14d9","-","Lenovo Device [17aa:3802]"
"USB controller","0C03","Advanced Micro Devices, Inc. [AMD] Device ","1022:15b6","-","Lenovo Device [17aa:3828]"
"USB controller","0C03","Advanced Micro Devices, Inc. [AMD] Device ","1022:15b7","-","Lenovo Device [17aa:3829]"
"USB controller","0C03","Advanced Micro Devices, Inc. [AMD] Device ","1022:15b8","-","Lenovo Device [17aa:382a]"
"Host bridge","0600","Advanced Micro Devices, Inc. [AMD] Device ","1022:14d8","-","Micro-Star International Co., Ltd. [MSI] Device [1462:7d76]"
"IOMMU","0806","Advanced Micro Devices, Inc. [AMD] Device ","1022:14d9","-","Micro-Star International Co., Ltd. [MSI] Device [1462:7d76]"
"PCI bridge","0604","Advanced Micro Devices, Inc. [AMD] Device ","1022:14db","-","Micro-Star International Co., Ltd. [MSI] Device [1462:7d76]"
"PCI bridge","0604","Advanced Micro Devices, Inc. [AMD] Device ","1022:14dd","-","Device [7d76:1462]"
"PCI bridge","0604","Advanced Micro Devices, Inc. [AMD] Device ","1022:14dd","-","Device [7d76:1462] Subsystem: Micro-Star International Co., Ltd. [MSI] Device [1462:7d76]"
"ISA bridge","0601","Advanced Micro Devices, Inc. [AMD] FCH LPC Bridge ","1022:790e","51","Micro-Star International Co., Ltd. [MSI] Device [1462:7d76]"
"VGA compatible controller","0300","NVIDIA Corporation TU104 [GeForce RTX 2070 SUPER] ","10de:1e84","a1","Micro-Star International Co., Ltd. [MSI] Device [1462:c726]"
"Audio device","0403","NVIDIA Corporation TU104 HD Audio Controller ","10de:10f8","a1","Micro-Star International Co., Ltd. [MSI] Device [1462:c726]"
"USB controller","0C03","NVIDIA Corporation TU104 USB 3.1 Host Controller ","10de:1ad8","a1","Micro-Star International Co., Ltd. [MSI] Device [1462:c726]"
"Serial bus controller","0C80","NVIDIA Corporation TU104 USB Type-C UCSI Controller ","10de:1ad9","a1","Micro-Star International Co., Ltd. [MSI] Device [1462:c726]"
"Non-Volatile memory controller","0108","Sandisk Corp WD Black SN850X NVMe SSD ","15b7:5030","01","Sandisk Corp WD Black SN850X NVMe SSD [15b7:5030]"
"SATA controller","0106","ASMedia Technology Inc. ASM1061/ASM1062 Serial ATA Controller ","1b21:0612","02","ASMedia Technology Inc. Device [1b21:1060]"
"Ethernet controller","0200","Realtek Semiconductor Co., Ltd. RTL8125 2.5GbE Controller ","10ec:8125","05","Micro-Star International Co., Ltd. [MSI] Device [1462:7d76]"
"Network controller","0280","MEDIATEK Corp. MT7922 802.11ax PCI Express Wireless Network Adapter ","14c3:0616","-","MEDIATEK Corp. MT7922 802.11ax PCI Express Wireless Network Adapter [14c3:0616]"
"VGA compatible controller","0300","Advanced Micro Devices, Inc. [AMD/ATI] Granite Ridge [Radeon Graphics] ","1002:13c0","c5","Micro-Star International Co., Ltd. [MSI] Device [1462:7d76] Subsystem: Micro-Star International Co., Ltd. [MSI] Device [1462:7d76]"
"Encryption controller","1080","Advanced Micro Devices, Inc. [AMD] Family 19h PSP/CCP ","1022:1649","-","Micro-Star International Co., Ltd. [MSI] Device [1462:7d76]"
"USB controller","0C03","Advanced Micro Devices, Inc. [AMD] Device ","1022:15b6","-","Micro-Star International Co., Ltd. [MSI] Device [1462:7d76]"
"USB controller","0C03","Advanced Micro Devices, Inc. [AMD] Device ","1022:15b7","-","Micro-Star International Co., Ltd. [MSI] Device [1462:7d76]"
"Audio device","0403","Advanced Micro Devices, Inc. [AMD] Family 17h/19h HD Audio Controller ","1022:15e3","-","Micro-Star International Co., Ltd. [MSI] Device [1462:ed76]"
"USB controller","0C03","Advanced Micro Devices, Inc. [AMD] Device ","1022:15b8","-","Micro-Star International Co., Ltd. [MSI] Device [1462:7d76]"
"Host bridge","0600","Advanced Micro Devices, Inc. [AMD] Device ","1022:14e8","-","Advanced Micro Devices, Inc. [AMD] Device [1022:14e8]"
"IOMMU","0806","Advanced Micro Devices, Inc. [AMD] Device ","1022:14e9","-","Advanced Micro Devices, Inc. [AMD] Device [1022:14e9]"
"Host bridge","0600","Advanced Micro Devices, Inc. [AMD] Device ","1022:14ea","-","-"
"PCI bridge","0604","Advanced Micro Devices, Inc. [AMD] Device ","1022:14ed","-","Advanced Micro Devices, Inc. [AMD] Device [1022:1453]"
"PCI bridge","0604","Advanced Micro Devices, Inc. [AMD] Device ","1022:14ee","-","Advanced Micro Devices, Inc. [AMD] Device [1022:1453]"
"PCI bridge","0604","Advanced Micro Devices, Inc. [AMD] Family 19h USB4/Thunderbolt PCIe tunnel ","1022:14ef","-","Advanced Micro Devices, Inc. [AMD] Device [1022:1453]"
"PCI bridge","0604","Advanced Micro Devices, Inc. [AMD] Device ","1022:14eb","-","Advanced Micro Devices, Inc. [AMD] Device [1022:14eb]"
"ISA bridge","0601","Advanced Micro Devices, Inc. [AMD] FCH LPC Bridge ","1022:790e","51","Advanced Micro Devices, Inc. [AMD] FCH LPC Bridge [1022:790e]"
"Host bridge","0600","Advanced Micro Devices, Inc. [AMD] Device ","1022:14f0","-","-"
"Host bridge","0600","Advanced Micro Devices, Inc. [AMD] Device ","1022:14f1","-","-"
"Host bridge","0600","Advanced Micro Devices, Inc. [AMD] Device ","1022:14f2","-","-"
"Host bridge","0600","Advanced Micro Devices, Inc. [AMD] Device ","1022:14f3","-","-"
"Host bridge","0600","Advanced Micro Devices, Inc. [AMD] Device ","1022:14f4","-","-"
"Host bridge","0600","Advanced Micro Devices, Inc. [AMD] Device ","1022:14f5","-","-"
"Host bridge","0600","Advanced Micro Devices, Inc. [AMD] Device ","1022:14f6","-","-"
"Host bridge","0600","Advanced Micro Devices, Inc. [AMD] Device ","1022:14f7","-","-"
"Host bridge","0600","Advanced Micro Devices, Inc. [AMD] Device ","1022:14e8","-","AIstone Global Limited Device [1d05:137d]"
"IOMMU","0806","Advanced Micro Devices, Inc. [AMD] Device ","1022:14e9","-","AIstone Global Limited Device [1d05:137d]"
"PCI bridge","0604","Advanced Micro Devices, Inc. [AMD] Device ","1022:14ee","-","AIstone Global Limited Device [1d05:137d]"
"PCI bridge","0604","Advanced Micro Devices, Inc. [AMD] Family 19h USB4/Thunderbolt PCIe tunnel ","1022:14ef","-","AIstone Global Limited Device [1d05:137d]"
"PCI bridge","0604","Advanced Micro Devices, Inc. [AMD] Device ","1022:14eb","-","AIstone Global Limited Device [1d05:137d]"
"PCI bridge","0604","Advanced Micro Devices, Inc. [AMD] Device ","1022:14eb","-","AIstone Global Limited Device [1d05:137d] Subsystem: AIstone Global Limited Device [1d05:137d]"
"ISA bridge","0601","Advanced Micro Devices, Inc. [AMD] FCH LPC Bridge ","1022:790e","51","AIstone Global Limited Device [1d05:137d]"
"Ethernet controller","0200","Motorcomm Microelectronics. YT6801 Gigabit Ethernet Controller ","1f0a:6801","01","AIstone Global Limited Device [1d05:137d]"
"Network controller","0280","Intel Corporation Wi-Fi 6 AX200 ","8086:2723","1a","Intel Corporation Wi-Fi 6 AX200NGW [8086:0084]"
"Non-Volatile memory controller","0108","Yangtze Memory Technologies Co.,Ltd PC411 NVMe SSD (DRAM-less) ","1e49:1071","01","Yangtze Memory Technologies Co.,Ltd PC411 NVMe SSD (DRAM-less) [1e49:1071]"
"VGA compatible controller","0300","Advanced Micro Devices, Inc. [AMD/ATI] Phoenix3 ","1002:1900","c5","AIstone Global Limited Device [1d05:137d] Subsystem: AIstone Global Limited Device [1d05:137d]"
"Encryption controller","1080","Advanced Micro Devices, Inc. [AMD] Family 19h (Model 74h) CCP/PSP 3.0 Device ","1022:15c7","-","AIstone Global Limited Device [1d05:137d]"
"USB controller","0C03","Advanced Micro Devices, Inc. [AMD] Device ","1022:15b9","-","AIstone Global Limited Device [1d05:137d]"
"USB controller","0C03","Advanced Micro Devices, Inc. [AMD] Device ","1022:15ba","-","AIstone Global Limited Device [1d05:137d]"
"Multimedia controller","0480","Advanced Micro Devices, Inc. [AMD] ACP/ACP3X/ACP6x Audio Coprocessor ","1022:15e2","63","AIstone Global Limited Device [1d05:137d]"
"Audio device","0403","Advanced Micro Devices, Inc. [AMD] Family 17h/19h HD Audio Controller ","1022:15e3","-","AIstone Global Limited Device [1d05:137d]"
"Non-Essential Instrumentation","1300","Advanced Micro Devices, Inc. [AMD] Device ","1022:14ec","-","AIstone Global Limited Device [1d05:137d]"
"Signal processing controller","1180","Advanced Micro Devices, Inc. [AMD] AMD IPU Device ","1022:1502","-","AIstone Global Limited Device [1d05:137d]"
"USB controller","0C03","Advanced Micro Devices, Inc. [AMD] Device ","1022:15c0","-","AIstone Global Limited Device [1d05:137d]"
"USB controller","0C03","Advanced Micro Devices, Inc. [AMD] Device ","1022:15c1","-","AIstone Global Limited Device [1d05:137d]"
"USB controller","0C03","Advanced Micro Devices, Inc. [AMD] Pink Sardine USB4/Thunderbolt NHI controller #2 ","1022:1669","-","AIstone Global Limited Device [1d05:137d]"
"Host bridge","0600","Advanced Micro Devices, Inc. [AMD] Device ","1022:14e8","-","Advanced Micro Devices, Inc. [AMD] Device [1022:14e8] lspci: Unable to load libkmod resources: error -2"
"Network controller","0280","Qualcomm Technologies, Inc QCNFA765 Wireless Network Adapter ","17cb:1103","01","Foxconn International, Inc. Device [105b:e0ce]"
"Non-Volatile memory controller","0108","MAXIO Technology (Hangzhou) Ltd. NVMe SSD Controller MAP1602 (DRAM-less) ","1e4b:1602","01","MAXIO Technology (Hangzhou) Ltd. NVMe SSD Controller MAP1602 (DRAM-less) [1e4b:1602]"
"PCI bridge","0604","ASMedia Technology Inc. Device ","1b21:2463","-","ASMedia Technology Inc. Device [1b21:2463]"
"Ethernet controller","0200","Mellanox Technologies MT27710 Family [ConnectX-4 Lx] ","15b3:1015","-","Mellanox Technologies MCX4421A-ACQN ConnectX-4 Lx EN OCP,2x25G [15b3:0021]"
"VGA compatible controller","0300","Advanced Micro Devices, Inc. [AMD/ATI] Phoenix1 ","1002:15bf","c2","AIstone Global Limited Device [1d05:140b]"
"Encryption controller","1080","Advanced Micro Devices, Inc. [AMD] Family 19h (Model 74h) CCP/PSP 3.0 Device ","1022:15c7","-","Advanced Micro Devices, Inc. [AMD] Family 19h (Model 74h) CCP/PSP 3.0 Device [1022:15c7]"
"USB controller","0C03","Advanced Micro Devices, Inc. [AMD] Device ","1022:15b9","-","Advanced Micro Devices, Inc. [AMD] Device [1022:15b9]"
"USB controller","0C03","Advanced Micro Devices, Inc. [AMD] Device ","1022:15ba","-","Advanced Micro Devices, Inc. [AMD] Device [1022:15ba]"
"Multimedia controller","0480","Advanced Micro Devices, Inc. [AMD] ACP/ACP3X/ACP6x Audio Coprocessor ","1022:15e2","63","Advanced Micro Devices, Inc. [AMD] ACP/ACP3X/ACP6x Audio Coprocessor [1022:15e2]"
"Audio device","0403","Advanced Micro Devices, Inc. [AMD] Family 17h/19h HD Audio Controller ","1022:15e3","-","Conexant Systems, Inc. Device [14f1:1f87]"
"Non-Essential Instrumentation","1300","Advanced Micro Devices, Inc. [AMD] Device ","1022:14ec","-","Advanced Micro Devices, Inc. [AMD] Device [1022:14ec]"
"Signal processing controller","1180","Advanced Micro Devices, Inc. [AMD] AMD IPU Device ","1022:1502","-","AIstone Global Limited Device [1d05:140b]"
"USB controller","0C03","Advanced Micro Devices, Inc. [AMD] Device ","1022:15c0","-","Advanced Micro Devices, Inc. [AMD] Device [1022:15c0]"
"USB controller","0C03","Advanced Micro Devices, Inc. [AMD] Device ","1022:15c1","-","Advanced Micro Devices, Inc. [AMD] Device [1022:15c1]"
"USB controller","0C03","Advanced Micro Devices, Inc. [AMD] Pink Sardine USB4/Thunderbolt NHI controller #2 ","1022:1669","-","Advanced Micro Devices, Inc. [AMD] Pink Sardine USB4/Thunderbolt NHI controller #2 [1022:1669]"
"Host bridge","0600","Advanced Micro Devices, Inc. [AMD] Family 17h-19h PCIe Root Complex ","1022:14b5","01","Tongfang Hongkong Limited Family 17h-19h PCIe Root Complex [1d05:160a]"
"IOMMU","0806","Advanced Micro Devices, Inc. [AMD] Family 17h-19h IOMMU ","1022:14b6","-","Tongfang Hongkong Limited Family 17h-19h IOMMU [1d05:160a]"
"Host bridge","0600","Advanced Micro Devices, Inc. [AMD] Family 17h-19h PCIe Dummy Host Bridge ","1022:14b7","01","-"
"PCI bridge","0604","Advanced Micro Devices, Inc. [AMD] Family 17h-19h PCIe GPP Bridge ","1022:14b8","-","Advanced Micro Devices, Inc. [AMD] Family 17h-19h PCIe GPP Bridge [1022:1453]"
"PCI bridge","0604","Advanced Micro Devices, Inc. [AMD] Family 17h-19h PCIe GPP Bridge ","1022:14ba","-","Advanced Micro Devices, Inc. [AMD] Family 17h-19h PCIe GPP Bridge [1022:1453]"
"PCI bridge","0604","Advanced Micro Devices, Inc. [AMD] Family 19h USB4/Thunderbolt PCIe tunnel ","1022:14cd","-","Advanced Micro Devices, Inc. [AMD] Family 19h USB4/Thunderbolt PCIe tunnel [1022:1453]"
"PCI bridge","0604","Advanced Micro Devices, Inc. [AMD] Family 17h-19h Internal PCIe GPP Bridge ","1022:14b9","10","Advanced Micro Devices, Inc. [AMD] Family 17h-19h Internal PCIe GPP Bridge [1022:14b9]"
"ISA bridge","0601","Advanced Micro Devices, Inc. [AMD] FCH LPC Bridge ","1022:790e","51","Tongfang Hongkong Limited FCH LPC Bridge [1d05:160a]"
"Non-Volatile memory controller","0108","Samsung Electronics Co Ltd NVMe SSD Controller PM9A1/PM9A3/980PRO ","144d:a80a","-","Samsung Electronics Co Ltd NVMe SSD Controller PM9A1/PM9A3/980PRO (SSD 980 PRO) [144d:a801]"
"Ethernet controller","0200","Realtek Semiconductor Co., Ltd. RTL8125 2.5GbE Controller ","10ec:8125","05","Realtek Semiconductor Co., Ltd. RTL8125 2.5GbE Controller [10ec:0123]"
"Network controller","0280","MEDIATEK Corp. MT7921K (RZ608) Wi-Fi 6E 80MHz ","14c3:0608","-","MEDIATEK Corp. MT7921K (RZ608) Wi-Fi 6E 80MHz [14c3:0608]"
"Non-Volatile memory controller","0108","INNOGRIT Corporation NVMe SSD Controller IG5236 ","1dbe:5236","01","INNOGRIT Corporation NVMe SSD Controller IG5236 [1dbe:5236] Subsystem: Tongfang Hongkong Limited Family 19h PSP/CCP [1d05:160a]"
"Multimedia controller","0480","Advanced Micro Devices, Inc. [AMD] ACP/ACP3X/ACP6x Audio Coprocessor ","1022:15e2","60","Tongfang Hongkong Limited ACP/ACP3X/ACP6x Audio Coprocessor [1d05:160a]"
"Audio device","0403","Advanced Micro Devices, Inc. [AMD] Family 17h/19h HD Audio Controller ","1022:15e3","-","Tongfang Hongkong Limited Family 17h/19h HD Audio Controller [1d05:160a]"
"Host bridge","0600","Advanced Micro Devices, Inc. [AMD] Family 17h-19h PCIe Root Complex ","1022:14b5","01","Lenovo Device [17aa:3806]"
"IOMMU","0806","Advanced Micro Devices, Inc. [AMD] Family 17h-19h IOMMU ","1022:14b6","-","Lenovo Device [17aa:3803]"
"PCI bridge","0604","Advanced Micro Devices, Inc. [AMD] Family 17h-19h PCIe GPP Bridge ","1022:14b8","-","Advanced Micro Devices, Inc. [AMD] Device [1022:1453]"
"PCI bridge","0604","Advanced Micro Devices, Inc. [AMD] Family 17h-19h PCIe GPP Bridge ","1022:14ba","-","Advanced Micro Devices, Inc. [AMD] Device [1022:1453]"
"PCI bridge","0604","Advanced Micro Devices, Inc. [AMD] Family 19h USB4/Thunderbolt PCIe tunnel ","1022:14cd","-","Advanced Micro Devices, Inc. [AMD] Device [1022:1453]"
"PCI bridge","0604","Advanced Micro Devices, Inc. [AMD] Family 17h-19h Internal PCIe GPP Bridge ","1022:14b9","10","Advanced Micro Devices, Inc. [AMD] Family 17h-19h Internal PCIe GPP Bridge [1022:14b9] Subsystem: Lenovo Device [17aa:3860]"
"Non-Volatile memory controller","0108","Samsung Electronics Co Ltd NVMe SSD Controller PM9A1/PM9A3/980PRO ","144d:a80a","-","Samsung Electronics Co Ltd SSD 980 PRO [144d:a801]"
"Ethernet controller","0200","Realtek Semiconductor Co., Ltd. RTL8111/8168/8211/8411 PCI Express Gigabit Ethernet Controller ","10ec:8168","15","Lenovo Device [17aa:3944]"
"SD Host controller","0805","O2 Micro, Inc. SD/MMC Card Reader Controller ","1217:8621","01","O2 Micro, Inc. Device [1217:0002]"
"Non-Volatile memory controller","0108","MAXIO Technology (Hangzhou) Ltd. NVMe SSD Controller MAP1602 (DRAM-less) ","1e4b:1602","01","MAXIO Technology (Hangzhou) Ltd. NVMe SSD Controller MAP1602 (DRAM-less) [1e4b:1602] Subsystem: Lenovo Device [17aa:3814] Subsystem: Lenovo Device [17aa:3805]"
"Encryption controller","1080","Advanced Micro Devices, Inc. [AMD] Family 19h PSP/CCP ","1022:1649","-","Lenovo Device [17aa:381d]"
"Multimedia controller","0480","Advanced Micro Devices, Inc. [AMD] ACP/ACP3X/ACP6x Audio Coprocessor ","1022:15e2","60","Lenovo Device [17aa:3851]"
"Audio device","0403","Advanced Micro Devices, Inc. [AMD] Family 17h/19h HD Audio Controller ","1022:15e3","-","Lenovo Device [17aa:3846] Subsystem: Advanced Micro Devices, Inc. [AMD] Device [1022:1453] Subsystem: Advanced Micro Devices, Inc. [AMD] Device [1022:1453]"
"Non-Volatile memory controller","0108","Yangtze Memory Technologies Co.,Ltd ZHITAI TiPlus7100 ","1e49:0071","01","Yangtze Memory Technologies Co.,Ltd ZHITAI TiPlus7100 [1e49:0071]"
"VGA compatible controller","0300","Advanced Micro Devices, Inc. [AMD/ATI] Phoenix1 ","1002:15bf","c2","Advanced Micro Devices, Inc. [AMD/ATI] Device [1002:0124]"
"Audio device","0403","Advanced Micro Devices, Inc. [AMD] Family 17h/19h/1ah HD Audio Controller ","1022:15e3","-","Realtek Semiconductor Co., Ltd. Device [10ec:11da]"
"USB controller","0C03","Advanced Micro Devices, Inc. [AMD] Pink Sardine USB4/Thunderbolt NHI controller #1 ","1022:1668","-","Advanced Micro Devices, Inc. [AMD] Pink Sardine USB4/Thunderbolt NHI controller #1 [1022:1668]"
"USB controller","0C03","Advanced Micro Devices, Inc. [AMD] Pink Sardine USB4/Thunderbolt NHI controller #2 ","1022:1669","-","Advanced Micro Devices, Inc. [AMD] Pink Sardine USB4/Thunderbolt NHI controller #2 [1022:1669] Subsystem: Xiaomi Device [1d72:2135] Subsystem: Xiaomi Device [1d72:2135] Subsystem: Xiaomi Device [1d72:2135] Subsystem: Xiaomi Device [1d72:2135] Subsystem: Xiaomi Device [1d72:2135] Subsystem: Xiaomi Device [1d72:2135] Subsystem: Xiaomi Device [1d72:2135] Subsystem: Xiaomi Device [1d72:2135]"
"Signal processing controller","1180","Intel Corporation Platform Monitoring Technology ","8086:467d","01","Xiaomi Device [1d72:2135] Subsystem: Xiaomi Device [1d72:2135] Subsystem: Xiaomi Device [1d72:2135] Subsystem: Xiaomi Device [1d72:2135] Subsystem: Xiaomi Device [1d72:2135] Subsystem: Xiaomi Device [1d72:2135] Subsystem: Xiaomi Device [1d72:2135] Subsystem: Xiaomi Device [1d72:2135] Subsystem: Xiaomi Device [1d72:2135]"
"PCI bridge","0604","Intel Corporation Device ","8086:51be","01","Xiaomi Device [1d72:2135] Subsystem: Xiaomi Device [1d72:2135] Subsystem: Xiaomi Device [1d72:2135] Subsystem: Xiaomi Device [1d72:2135] Subsystem: Xiaomi Device [1d72:2135] Subsystem: Xiaomi Device [1d72:2135] Subsystem: Xiaomi Device [1d72:2135]"
"VGA compatible controller","0300","NVIDIA Corporation GA107BM [GeForce RTX 3050 Mobile] ","10de:25e2","a1","Xiaomi Device [1d72:2136]"
"Audio device","0403","NVIDIA Corporation Device ","10de:2291","a1","Xiaomi Device [1d72:2135]"
"Non-Volatile memory controller","0108","MAXIO Technology (Hangzhou) Ltd. NVMe SSD Controller MAP1202 (DRAM-less) ","1e4b:1202","01","MAXIO Technology (Hangzhou) Ltd. NVMe SSD Controller MAP1202 (DRAM-less) [1e4b:1202]"
"Non-Volatile memory controller","0108","Phison Electronics Corporation PS5019-E19 PCIe4 NVMe Controller (DRAM-less) ","1987:5019","01","Phison Electronics Corporation PS5019-E19 PCIe4 NVMe Controller (DRAM-less) [1987:5019]"
"Network controller","0280","Realtek Semiconductor Co., Ltd. RTL8852BE PCIe 802.11ax Wireless Network Controller ","10ec:b852","-","Device [1d3e:c826]"
"Unassigned class","FF00","Realtek Semiconductor Co., Ltd. RTS525A PCI Express Card Reader ","10ec:525a","01","Xiaomi Device [1d72:2135]"
"Ethernet controller","0200","Realtek Semiconductor Co., Ltd. RTL8111/8168/8211/8411 PCI Express Gigabit Ethernet Controller ","10ec:8168","15","Xiaomi Device [1d72:2135] Subsystem: Toshiba Corporation Device [1179:ff1e]"
"PCI bridge","0604","Intel Corporation Xeon E3-1200 v2/3rd Gen Core processor PCI Express Root Port ","8086:0151","09","Toshiba Corporation Device [1179:ff1e]"
"USB controller","0C03","Intel Corporation 7 Series/C210 Series Chipset Family USB xHCI Host Controller ","8086:1e31","04","Toshiba Corporation Device [1179:ff1e]"
"Communication controller","0780","Intel Corporation 7 Series/C216 Chipset Family MEI Controller #1 ","8086:1e3a","04","Toshiba Corporation Device [1179:ff1e]"
"USB controller","0C03","Intel Corporation 7 Series/C216 Chipset Family USB Enhanced Host Controller #2 ","8086:1e2d","04","Toshiba Corporation Device [1179:ff1e]"
"Audio device","0403","Intel Corporation 7 Series/C216 Chipset Family High Definition Audio Controller ","8086:1e20","04","Toshiba Corporation Device [1179:ff1e]"
"PCI bridge","0604","Intel Corporation 7 Series/C216 Chipset Family PCI Express Root Port 1 ","8086:1e10","c4","Toshiba Corporation Device [1179:ff1e]"
"PCI bridge","0604","Intel Corporation 7 Series/C210 Series Chipset Family PCI Express Root Port 2 ","8086:1e12","c4","Toshiba Corporation Device [1179:ff1e]"
"USB controller","0C03","Intel Corporation 7 Series/C216 Chipset Family USB Enhanced Host Controller #1 ","8086:1e26","04","Toshiba Corporation Device [1179:ff1e]"
"ISA bridge","0601","Intel Corporation HM76 Express Chipset LPC Controller ","8086:1e59","04","Toshiba Corporation Device [1179:ff1e]"
"SATA controller","0106","Intel Corporation 7 Series Chipset Family 6-port SATA Controller [AHCI mode] ","8086:1e03","04","Toshiba Corporation Device [1179:ff1e] Subsystem: Toshiba Corporation Device [1179:ff1e]"
"VGA compatible controller","0300","Advanced Micro Devices, Inc. [AMD/ATI] Whistler LE [Radeon HD 6610M/7610M] ","1002:6742","-","Toshiba Corporation Radeon HD 7610M [1179:fb22]"
"Audio device","0403","Advanced Micro Devices, Inc. [AMD/ATI] Turks HDMI Audio [Radeon HD 6500/6600 / 6700M Series] ","1002:aa90","-","Toshiba Corporation Device [1179:ff1e]"
"Ethernet controller","0200","Qualcomm Atheros AR8162 Fast Ethernet ","1969:1090","10","Toshiba Corporation Device [1179:ff1e]"
"Network controller","0280","Realtek Semiconductor Co., Ltd. RTL8188CE 802.11b/g/n WiFi Adapter ","10ec:8176","01","Realtek Semiconductor Co., Ltd. Device [10ec:8211]"
"Host bridge","0600","Intel Corporation Device ","8086:461c","-","Intel Corporation Device [8086:7270] Subsystem: Intel Corporation Device [8086:7270] Subsystem: Intel Corporation Device [8086:7270] Subsystem: Intel Corporation Device [8086:7270] Subsystem: Intel Corporation Device [8086:7270] Subsystem: Intel Corporation Device [8086:7270] Subsystem: Intel Corporation Device [8086:7270]"
"PCI bridge","0604","Intel Corporation Device ","8086:54b8","-","Intel Corporation Device [8086:7270]"
"PCI bridge","0604","Intel Corporation Device ","8086:54b9","-","Intel Corporation Device [8086:7270]"
"PCI bridge","0604","Intel Corporation Device ","8086:54ba","-","Intel Corporation Device [8086:7270]"
"PCI bridge","0604","Intel Corporation Device ","8086:54bb","-","Intel Corporation Device [8086:7270]"
"PCI bridge","0604","Intel Corporation Device ","8086:54be","-","Intel Corporation Device [8086:7270] Subsystem: Intel Corporation Device [8086:7270] Subsystem: Intel Corporation Device [8086:7270] Subsystem: Intel Corporation Device [8086:7270] Subsystem: Intel Corporation Device [8086:7270] Subsystem: Intel Corporation Device [8086:7270]"
"Host bridge","0600","Intel Corporation Device ","8086:4648","02","Micro-Star International Co., Ltd. [MSI] Device [1462:7d90]"
"Signal processing controller","1180","Intel Corporation Platform Monitoring Technology ","8086:467d","01","-"
"ISA bridge","0601","Intel Corporation Device ","8086:7a06","11","Micro-Star International Co., Ltd. [MSI] Device [1462:7d90]"
"Non-Volatile memory controller","0108","Yangtze Memory Technologies Co.,Ltd ZHITAI TiPro7000 ","1e49:0041","01","Yangtze Memory Technologies Co.,Ltd ZHITAI TiPro7000 [1e49:0041]"
"Ethernet controller","0200","Realtek Semiconductor Co., Ltd. RTL8125 2.5GbE Controller ","10ec:8125","05","Micro-Star International Co., Ltd. [MSI] RTL8125 2.5GbE Controller [1462:7d90]"
"Host bridge","0600","Intel Corporation Device ","8086:4649","02","CLEVO/KAPOK Computer Device [1558:0156] Subsystem: CLEVO/KAPOK Computer Device [1558:0156] Subsystem: CLEVO/KAPOK Computer Device [1558:0156] Subsystem: CLEVO/KAPOK Computer Device [1558:0156] Subsystem: CLEVO/KAPOK Computer Device [1558:0156] Subsystem: CLEVO/KAPOK Computer Device [1558:0156]"
"Signal processing controller","1180","Intel Corporation Platform Monitoring Technology ","8086:467d","01","CLEVO/KAPOK Computer Device [1558:0156] Subsystem: CLEVO/KAPOK Computer Device [1558:0156] Subsystem: CLEVO/KAPOK Computer Device [1558:0156] Subsystem: Intel Corporation Single Band Wi-Fi 6(802.11ax) AX101 80MHz 1x1 [Harrison Peak] [8086:0244] Subsystem: CLEVO/KAPOK Computer Device [1558:0156] Subsystem: CLEVO/KAPOK Computer Device [1558:0156] Subsystem: CLEVO/KAPOK Computer Device [1558:0156] Subsystem: CLEVO/KAPOK Computer Device [1558:0156]"
"PCI bridge","0604","Intel Corporation Device ","8086:51be","01","CLEVO/KAPOK Computer Device [1558:0156] Subsystem: CLEVO/KAPOK Computer Device [1558:0156] Subsystem: CLEVO/KAPOK Computer Device [1558:0156] Subsystem: CLEVO/KAPOK Computer Device [1558:0156] Subsystem: CLEVO/KAPOK Computer Device [1558:0156]"
"3D controller","0302","NVIDIA Corporation GA107M [GeForce RTX 3050 Mobile] ","10de:25a2","a1","CLEVO/KAPOK Computer Device [1558:0156]"
"Non-Volatile memory controller","0108","Yangtze Memory Technologies Co.,Ltd PC300 NVMe SSD (DRAM-less) ","1e49:1031","03","Yangtze Memory Technologies Co.,Ltd Device [1e49:1e49]"
"Ethernet controller","0200","Realtek Semiconductor Co., Ltd. RTL8111/8168/8211/8411 PCI Express Gigabit Ethernet Controller ","10ec:8168","15","Realtek Semiconductor Co., Ltd. RTL8111/8168 PCI Express Gigabit Ethernet controller [10ec:8168]"
"Host bridge","0600","Intel Corporation Device ","8086:4e28","-","Intel Corporation Device [8086:7270]"
"VGA compatible controller","0300","Intel Corporation JasperLake [UHD Graphics] ","8086:4e71","01","Intel Corporation Device [8086:2212] Subsystem: Intel Corporation Device [8086:7270]"
"Host bridge","0600","Intel Corporation Device ","8086:6400","04","ASUSTeK Computer Inc. Device [1043:1e13]"
"Signal processing controller","1180","Intel Corporation Device ","8086:641d","04","ASUSTeK Computer Inc. Device [1043:1e13]"
"Signal processing controller","1180","Intel Corporation Device ","8086:647d","04","-"
"Communication controller","0780","Intel Corporation Device ","8086:a862","10","-"
"RAM memory","0500","Intel Corporation Device ","8086:a87f","10","ASUSTeK Computer Inc. Device [1043:1e13]"
"Network controller","0280","Intel Corporation Device ","8086:a840","10","Intel Corporation Device [8086:00e4]"
"Communication controller","0780","Intel Corporation Device ","8086:a870","10","ASUSTeK Computer Inc. Device [1043:1e13]"
"Serial bus controller","0C80","Intel Corporation Device ","8086:a850","10","ASUSTeK Computer Inc. Device [1043:1e13]"
"Serial bus controller","0C80","Intel Corporation Device ","8086:a851","10","ASUSTeK Computer Inc. Device [1043:1e13]"
"ISA bridge","0601","Intel Corporation Device ","8086:a807","10","ASUSTeK Computer Inc. Device [1043:1e13]"
"Host bridge","0600","Intel Corporation Device ","8086:7d01","04","Lenovo Device [17aa:231e] Subsystem: Lenovo Device [17aa:231e] Subsystem: Lenovo Device [17aa:231e]"
"PCI bridge","0604","Intel Corporation Device ","8086:7e4d","20","Lenovo Device [17aa:231e]"
"PCI bridge","0604","Intel Corporation Device ","8086:7eca","10","Lenovo Device [17aa:231e] Subsystem: Lenovo Device [17aa:231e] Subsystem: Lenovo Device [17aa:231e] Subsystem: Lenovo Device [17aa:231e] Subsystem: Lenovo Device [17aa:231e] Subsystem: Lenovo Device [17aa:231e] Subsystem: Lenovo Device [17aa:231e] Subsystem: Lenovo Device [17aa:231e] Subsystem: Lenovo Device [17aa:231e] Subsystem: Lenovo Device [17aa:231e]"
"RAM memory","0500","Intel Corporation Device ","8086:7e7f","20","Lenovo Device [17aa:231e] Subsystem: Intel Corporation Device [8086:0090] Subsystem: Lenovo Device [17aa:231e] Subsystem: Lenovo Device [17aa:231e]"
"PCI bridge","0604","Intel Corporation Device ","8086:7e38","20","Lenovo Device [17aa:231e]"
"ISA bridge","0601","Intel Corporation Device ","8086:7e02","20","Lenovo Device [17aa:231e] Subsystem: Lenovo Device [17aa:231e] Subsystem: Lenovo Device [17aa:231e] Subsystem: Lenovo Device [17aa:231e]"
"Non-Volatile memory controller","0108","Shenzhen Unionmemory Information System Ltd. Device ","1cc4:6a04","03","Shenzhen Unionmemory Information System Ltd. Device [1cc4:6a04]"
"Host bridge","0600","Intel Corporation Device ","8086:9b71","0c","QUANTA Computer Inc Device [152d:1260]"
"VGA compatible controller","0300","Intel Corporation CometLake-U GT2 [UHD Graphics] ","8086:9b41","02","QUANTA Computer Inc Device [152d:1260] Subsystem: QUANTA Computer Inc Device [152d:1260] Subsystem: QUANTA Computer Inc Device [152d:1260] Subsystem: QUANTA Computer Inc Device [152d:1260] Subsystem: QUANTA Computer Inc Device [152d:1260] Subsystem: QUANTA Computer Inc Device [152d:1260] Subsystem: Intel Corporation Dual Band Wi-Fi 5(802.11ac) Wireless-AC 9560 160MHz 2x2 [Jefferson Peak] [8086:0034]"
"Serial bus controller","0C80","Intel Corporation Serial IO I2C Host Controller ","8086:02e8","-","QUANTA Computer Inc Device [152d:1260] Subsystem: QUANTA Computer Inc Device [152d:1260] Subsystem: QUANTA Computer Inc Device [152d:1260] Subsystem: QUANTA Computer Inc Device [152d:1260] Subsystem: QUANTA Computer Inc Device [152d:1260] Subsystem: QUANTA Computer Inc Device [152d:1260]"
"Communication controller","0780","Intel Corporation Device ","8086:02a8","-","QUANTA Computer Inc Device [152d:1260]"
"Serial bus controller","0C80","Intel Corporation Device ","8086:02ab","-","QUANTA Computer Inc Device [152d:1260] Subsystem: QUANTA Computer Inc Device [152d:1260] Subsystem: QUANTA Computer Inc Device [152d:1260] Subsystem: QUANTA Computer Inc Device [152d:1260] Subsystem: QUANTA Computer Inc Device [152d:1260]"
"Non-Volatile memory controller","0108","Sandisk Corp SanDisk Extreme Pro / WD Black SN750 / PC SN730 / Red SN700 NVMe SSD ","15b7:5006","-","Sandisk Corp SanDisk Extreme Pro / WD Black SN750 / PC SN730 / Red SN700 NVMe SSD [15b7:5006]"
"Host bridge","0600","Intel Corporation Device ","8086:a700","01","ASUSTeK Computer Inc. Device [1043:8882] Subsystem: ASUSTeK Computer Inc. Device [1043:8882] Subsystem: ASUSTeK Computer Inc. Device [1043:8882] Subsystem: ASUSTeK Computer Inc. Device [1043:8882]"
"RAID bus controller","0104","Intel Corporation Volume Management Device NVMe RAID Controller Intel Corporation ","8086:a77f","-","ASUSTeK Computer Inc. Device [1043:8882] Subsystem: ASUSTeK Computer Inc. Device [1043:8882] Subsystem: ASUSTeK Computer Inc. Device [1043:8882] Subsystem: ASUSTeK Computer Inc. Device [1043:8882] Subsystem: ASUSTeK Computer Inc. Device [1043:8882] Subsystem: ASUSTeK Computer Inc. Device [1043:8882] Subsystem: ASUSTeK Computer Inc. Device [1043:8882] Subsystem: ASUSTeK Computer Inc. Device [1043:8882] Subsystem: ASUSTeK Computer Inc. Device [1043:8882] Subsystem: ASUSTeK Computer Inc. Device [1043:8882] Subsystem: ASUSTeK Computer Inc. Device [1043:8882] Subsystem: ASUSTeK Computer Inc. Device [1043:8882]"
"PCI bridge","0604","Intel Corporation Device ","8086:7a3c","11","ASUSTeK Computer Inc. Device [1043:8882] Subsystem: ASUSTeK Computer Inc. Device [1043:8882]"
"PCI bridge","0604","Intel Corporation Device ","8086:7a34","11","ASUSTeK Computer Inc. Device [1043:8882] Subsystem: ASUSTeK Computer Inc. Device [1043:8882] Subsystem: ASUSTeK Computer Inc. Device [1043:8694] Subsystem: ASUSTeK Computer Inc. Device [1043:8882] Subsystem: ASUSTeK Computer Inc. Device [1043:8882]"
"PCI bridge","0604","Intel Corporation Device ","8086:4fa0","01","-"
"PCI bridge","0604","Intel Corporation Device ","8086:4fa4","-","Intel Corporation Device [8086:4fa4]"
"PCI bridge","0604","Intel Corporation Device ","8086:4fa4","-","Intel Corporation Device [8086:0000]"
"VGA compatible controller","0300","Intel Corporation DG2 [Arc A770] ","8086:56a0","08","Intel Corporation Device [8086:1020]"
"Audio device","0403","Intel Corporation DG2 Audio Controller ","8086:4f90","-","Intel Corporation Device [8086:1020]"
"Ethernet controller","0200","Mellanox Technologies MT27500 Family [ConnectX-3] ","15b3:1003","-","Mellanox Technologies Device [15b3:0113]"
"Non-Volatile memory controller","0108","Western Digital Ultrastar DC SN640 NVMe SSD ","1b96:2400","-","Western Digital Device [1b96:0000]"
"Network controller","0280","Intel Corporation Wi-Fi 6E(802.11ax) AX210/AX1675* 2x2 [Typhoon Peak] ","8086:2725","1a","Intel Corporation Wi-Fi 6 AX210 160MHz [8086:0024]"
"Ethernet controller","0200","Intel Corporation Ethernet Controller I226-V ","8086:125c","06","ASUSTeK Computer Inc. Device [1043:8867]"
"VGA compatible controller","0300","NVIDIA Corporation TU102 [GeForce RTX 2080 Ti Rev. A] ","10de:1e07","a1","ZOTAC International (MCO) Ltd. Device [19da:2513]"
"Audio device","0403","NVIDIA Corporation TU102 High Definition Audio Controller ","10de:10f7","a1","ZOTAC International (MCO) Ltd. Device [19da:2513]"
"USB controller","0C03","NVIDIA Corporation TU102 USB 3.1 Host Controller ","10de:1ad6","a1","ZOTAC International (MCO) Ltd. Device [19da:2513]"
"Serial bus controller","0C80","NVIDIA Corporation TU102 USB Type-C UCSI Controller ","10de:1ad7","a1","ZOTAC International (MCO) Ltd. Device [19da:2513]"
"Host bridge","0600","Intel Corporation Device ","8086:a703","01","ASUSTeK Computer Inc. Device [1043:8882]"
"PCI bridge","0604","Intel Corporation Device ","8086:a70d","01","ASUSTeK Computer Inc. Device [1043:8882]"
"RAID bus controller","0104","Intel Corporation Volume Management Device NVMe RAID Controller Intel Corporation ","8086:a77f","-","ASUSTeK Computer Inc. Volume Management Device NVMe RAID Controller Intel Corporation [1043:8882] Subsystem: ASUSTeK Computer Inc. Device [1043:8882] Subsystem: ASUSTeK Computer Inc. Device [1043:8882] Subsystem: Rivet Networks Device [1a56:1671] Subsystem: ASUSTeK Computer Inc. Device [1043:8882] Subsystem: ASUSTeK Computer Inc. Device [1043:8882] Subsystem: ASUSTeK Computer Inc. Device [1043:8882] Subsystem: ASUSTeK Computer Inc. Device [1043:8882] Subsystem: ASUSTeK Computer Inc. Device [1043:8882] Subsystem: ASUSTeK Computer Inc. Device [1043:8882] Subsystem: ASUSTeK Computer Inc. Device [1043:8882]"
"PCI bridge","0604","Intel Corporation Device ","8086:7a3a","11","ASUSTeK Computer Inc. Device [1043:8882] Subsystem: ASUSTeK Computer Inc. Device [1043:8882]"
"PCI bridge","0604","Intel Corporation Device ","8086:7a34","11","ASUSTeK Computer Inc. Device [1043:8882] Subsystem: ASUSTeK Computer Inc. Device [1043:8882] Subsystem: ASUSTeK Computer Inc. Device [1043:87fb] Subsystem: ASUSTeK Computer Inc. Device [1043:8882] Subsystem: ASUSTeK Computer Inc. Device [1043:8882]"
"VGA compatible controller","0300","NVIDIA Corporation TU102 [GeForce RTX 2080 Ti Rev. A] ","10de:1e07","a1","NVIDIA Corporation TU102 [GeForce RTX 2080 Ti Rev. A] [10de:12fa]"
"Audio device","0403","NVIDIA Corporation TU102 High Definition Audio Controller ","10de:10f7","a1","NVIDIA Corporation TU102 High Definition Audio Controller [10de:12fa]"
"USB controller","0C03","NVIDIA Corporation TU102 USB 3.1 Host Controller ","10de:1ad6","a1","NVIDIA Corporation TU102 USB 3.1 Host Controller [10de:12fa]"
"Serial bus controller","0C80","NVIDIA Corporation TU102 USB Type-C UCSI Controller ","10de:1ad7","a1","NVIDIA Corporation TU102 USB Type-C UCSI Controller [10de:12fa]"
"Non-Volatile memory controller","0108","Kingston Technology Company, Inc. KC3000/FURY Renegade NVMe SSD E18 ","2646:5013","01","Kingston Technology Company, Inc. KC3000/FURY Renegade NVMe SSD E18 [2646:5013]"
"Non-Volatile memory controller","0108","Sandisk Corp SanDisk Extreme Pro / WD Black 2018/SN750/PC SN720 NVMe SSD ","15b7:5002","-","Sandisk Corp SanDisk Extreme Pro / WD Black 2018/SN750/PC SN720 NVMe SSD [15b7:5002]"
"Ethernet controller","0200","Realtek Semiconductor Co., Ltd. RTL8125 2.5GbE Controller ","10ec:8125","05","ASUSTeK Computer Inc. RTL8125 2.5GbE Controller [1043:87d7]"
"Ethernet controller","0200","Mellanox Technologies MT27710 Family [ConnectX-4 Lx] ","15b3:1015","-","Mellanox Technologies MT27710 Family [ConnectX-4 Lx] [15b3:0057]"
"Non-Volatile memory controller","0108","Shenzhen Longsys Electronics Co., Ltd. Lexar NM790 NVME SSD (DRAM-less) ","1d97:1602","01","Shenzhen Longsys Electronics Co., Ltd. Lexar NM790 NVME SSD (DRAM-less) [1d97:1602]"
"Host bridge","0600","Intel Corporation Device ","8086:a706","-","Lenovo Device [17aa:2309]"
"PCI bridge","0604","Intel Corporation Device ","8086:a70d","-","Lenovo Device [17aa:230a] Subsystem: Lenovo Device [17aa:2309]"
"PCI bridge","0604","Intel Corporation Device ","8086:a76e","-","-"
"PCI bridge","0604","Intel Corporation Device ","8086:a72f","-","Lenovo Device [17aa:2309]"
"USB controller","0C03","Intel Corporation Device ","8086:a71e","-","Lenovo Device [17aa:2309]"
"USB controller","0C03","Intel Corporation Device ","8086:a73e","-","Lenovo Device [17aa:2309]"
"USB controller","0C03","Intel Corporation Device ","8086:a76d","-","Lenovo Device [17aa:2309] Subsystem: Lenovo Device [17aa:2309] Subsystem: Lenovo Device [17aa:2309] Subsystem: Intel Corporation Device [8086:0090] Subsystem: Lenovo Device [17aa:2309] Subsystem: Lenovo Device [17aa:2309] Subsystem: Lenovo Device [17aa:2309] Subsystem: Lenovo Device [17aa:2309]"
"PCI bridge","0604","Intel Corporation Device ","8086:51b8","01","-"
"PCI bridge","0604","Intel Corporation Device ","8086:51ba","01","-"
"PCI bridge","0604","Intel Corporation Device ","8086:51bd","01","Lenovo Device [17aa:2309] Subsystem: Lenovo Device [17aa:2309] Subsystem: Lenovo Device [17aa:2309] Subsystem: Lenovo Device [17aa:2309]"
"3D controller","0302","NVIDIA Corporation GA107GLM [RTX A1000 6GB Laptop GPU] ","10de:25bc","a1","Lenovo Device [17aa:230a]"
"Non-Volatile memory controller","0108","Micron Technology Inc 3400 NVMe SSD [Hendrix] ","1344:5407","-","Micron Technology Inc Device [1344:0100]"
"Wireless controller","0D40","Intel Corporation XMM7560 LTE Advanced Pro Modem ","8086:7560","01","Device [1cf8:8651]"
"Unassigned class","FF00","Realtek Semiconductor Co., Ltd. RTS5261 PCI Express Card Reader ","10ec:5261","01","Lenovo Device [17aa:2309]"
"Non-Volatile memory controller","0108","Yangtze Memory Technologies Co.,Ltd PC300 NVMe SSD (DRAM-less) ","1e49:1031","03","Yangtze Memory Technologies Co.,Ltd PC300 NVMe SSD (DRAM-less) [1e49:1e49] Subsystem: Lenovo ThinkPad T480 [17aa:225d]"
"VGA compatible controller","0300","Intel Corporation UHD Graphics 620 ","8086:5917","07","Lenovo ThinkPad T480 [17aa:225e] Subsystem: Lenovo ThinkPad T480 [17aa:225d] Subsystem: Lenovo ThinkPad T480 [17aa:225d] Subsystem: Lenovo ThinkPad T480 [17aa:225d] Subsystem: Lenovo ThinkPad T480 [17aa:225d] Subsystem: Lenovo ThinkPad T480 [17aa:225d] Subsystem: Lenovo ThinkPad T480 [17aa:225d] Subsystem: Lenovo ThinkPad T480 [17aa:225d] Subsystem: Lenovo Device [17aa:225d] Subsystem: Lenovo Device [17aa:225d] Subsystem: Lenovo Device [17aa:225d] Subsystem: Lenovo ThinkPad T480 [17aa:225d] Subsystem: Lenovo ThinkPad T480 [17aa:225d] Subsystem: Lenovo ThinkPad T480 [17aa:225d] Subsystem: Lenovo ThinkPad T480 [17aa:225d]"
"Ethernet controller","0200","Intel Corporation Ethernet Connection (4) I219-V ","8086:15d8","21","Lenovo ThinkPad T480 [17aa:225d]"
"3D controller","0302","NVIDIA Corporation GP108M [GeForce MX150] ","10de:1d10","a1","Lenovo ThinkPad T480 [17aa:225e]"
"Network controller","0280","Intel Corporation Wireless 8265 / 8275 ","8086:24fd","78","Intel Corporation Dual Band Wireless-AC 8265 [Windstorm Peak] [8086:0010]"
"Host bridge","0600","Loongson Technology LLC Hyper Transport Bridge Controller ","0014:7a00","-","Loongson Technology LLC Hyper Transport Bridge Controller [0014:7a00]"
"Host bridge","0600","Loongson Technology LLC Hyper Transport Bridge Controller ","0014:7a10","01","-"
"Host bridge","0600","Loongson Technology LLC Device ","0014:7a20","01","-"
"Host bridge","0600","Loongson Technology LLC Device ","0014:7a30","-","-"
"Ethernet controller","0200","Loongson Technology LLC Device ","0014:7a13","-","-"
"USB controller","0C03","Loongson Technology LLC OHCI USB Controller ","0014:7a24","02","-"
"USB controller","0C03","Loongson Technology LLC EHCI USB Controller ","0014:7a14","02","-"
"Multimedia video controller","0400","Loongson Technology LLC LG100 GPU ","0014:7a25","01","-"
"VGA compatible controller","0300","Loongson Technology LLC Display Controller ","0014:7a36","02","-"
"Audio device","0403","Loongson Technology LLC Device ","0014:7a37","-","-"
"Audio device","0403","Loongson Technology LLC HDA (High Definition Audio) Controller ","0014:7a07","-","-"
"SATA controller","0106","Loongson Technology LLC Device ","0014:7a18","-","-"
"PCI bridge","0604","Loongson Technology LLC Device ","0014:7a49","-","-"
"PCI bridge","0604","Loongson Technology LLC Device ","0014:7a39","-","-"
"System peripheral","0880","Loongson Technology LLC Device ","0014:7a1b","-","-"
"USB controller","0C03","Loongson Technology LLC Device ","0014:7a34","-","-"
"Network controller","0280","Realtek Semiconductor Co., Ltd. RTL8822CE 802.11ac PCIe Wireless Network Adapter ","10ec:c822","-","AzureWave Device [1a3b:3750]"
"Non-Volatile memory controller","0108","Yangtze Memory Technologies Co.,Ltd ZHITAI PC005 NVMe SSD ","1e49:0001","03","Yangtze Memory Technologies Co.,Ltd Device [1e49:1e49]"
"Host bridge","-","Advanced Micro Devices, Inc. [AMD] Device ","14e8","-","-"
"IOMMU","-","Advanced Micro Devices, Inc. [AMD] Device ","14e9","-","-"
"Host bridge","-","Advanced Micro Devices, Inc. [AMD] Device ","14ea","-","-"
"PCI bridge","-","Advanced Micro Devices, Inc. [AMD] Device ","14ee","-","-"
"PCI bridge","-","Advanced Micro Devices, Inc. [AMD] Device ","14ed","-","-"
"PCI bridge","-","Advanced Micro Devices, Inc. [AMD] Device ","14eb","-","-"
"Host bridge","-","Advanced Micro Devices, Inc. [AMD] Device ","14f0","-","-"
"Host bridge","-","Advanced Micro Devices, Inc. [AMD] Device ","14f1","-","-"
"Host bridge","-","Advanced Micro Devices, Inc. [AMD] Device ","14f2","-","-"
"Host bridge","-","Advanced Micro Devices, Inc. [AMD] Device ","14f3","-","-"
"Host bridge","-","Advanced Micro Devices, Inc. [AMD] Device ","14f4","-","-"
"Host bridge","-","Advanced Micro Devices, Inc. [AMD] Device ","14f5","-","-"
"Host bridge","-","Advanced Micro Devices, Inc. [AMD] Device ","14f6","-","-"
"Host bridge","-","Advanced Micro Devices, Inc. [AMD] Device ","14f7","-","-"
"USB controller","-","Advanced Micro Devices, Inc. [AMD] Device ","15b9","-","-"
"USB controller","-","Advanced Micro Devices, Inc. [AMD] Device ","15ba","-","-"
"Non-Essential Instrumentation","1300","Advanced Micro Devices, Inc. [AMD] Device ","14ec","-","-"
"USB controller","-","Advanced Micro Devices, Inc. [AMD] Device ","15c0","-","-"
"USB controller","-","Advanced Micro Devices, Inc. [AMD] Device ","15c1","-","-"
"PCI bridge","0604","Cadence Design Systems, Inc. Device ","17cd:dc16","-","-"
"PCI bridge","0604","Cadence Design Systems, Inc. Device ","17cd:dc08","-","-"
"PCI bridge","0604","Cadence Design Systems, Inc. Device ","17cd:dc01","-","-"
"PCI bridge","0604","Loongson Technology LLC Device ","0014:7a69","-","-"
"PCI bridge","0604","Loongson Technology LLC Device ","0014:7a59","-","-"
"IOMMU","0806","Loongson Technology LLC Device ","0014:7a1f","-","-"
"Host bridge","-","Loongson Technology LLC Device ","7a20","01","-"
"Host bridge","-","Loongson Technology LLC Device ","7a30","-","-"
"SATA controller","-","Loongson Technology LLC Device ","7a18","-","-"
"PCI bridge","-","Loongson Technology LLC Device ","7a49","-","-"
"PCI bridge","-","Loongson Technology LLC Device ","7a39","-","-"
"PCI bridge","-","Loongson Technology LLC Device ","7a69","-","-"
"PCI bridge","-","Loongson Technology LLC Device ","7a59","-","-"
"System peripheral","-","Loongson Technology LLC Device ","7a1b","-","-"
"USB controller","-","Loongson Technology LLC Device ","7a34","-","-"
"PCI bridge","0604","Intel Corporation Device ","8086:7e38","20","Lenovo Device [17aa:3809]"
"ISA bridge","0601","Intel Corporation Device ","8086:7e02","20","Lenovo Device [17aa:3815]"
"RAM memory","0500","Intel Corporation Device ","8086:7e7f","20","Intel Corporation Device [8086:7270]"
"Host bridge","0600","Intel Corporation Device ","8086:7d01","04","Lenovo Device [17aa:380e]"
"PCI bridge","0604","Intel Corporation Device ","8086:a0b8","20","Lenovo Device [17aa:5087]"
"PCI bridge","0604","Intel Corporation Device ","8086:a0ba","20","Lenovo Device [17aa:5087]"
"PCI bridge","0604","Huawei Technologies Co., Ltd. Device ","19e5:3690","01","-"
"SATA controller","0106","ASMedia Technology Inc. Device ","1b21:1064","02","ZyDAS Technology Corp. Device [2116:2116]"
"PCI bridge","0604","Huawei Technologies Co., Ltd. Device ","19e5:3691","01","-"
"USB controller","0C03","Renesas Technology Corp. uPD720202 USB 3.0 Host Controller ","1912:0015","02","-"
"PCI bridge","0604","Qualcomm Technologies, Inc Device ","17cb:0111","-","-"
"","0280","","17cb:1103","01","-"
"","0604","","17cb:0110","-","-"
"Audio device","0403","NVIDIA Corporation Device ","10de:2291","a1","-"
"PCI bridge","0604","Advanced Micro Devices, Inc. [AMD] Device ","1022:43ea","-","ASMedia Technology Inc. Device [1b21:3308]"
"PCI bridge","-","Advanced Micro Devices, Inc,[AMD] Device ","43ea","-","-"
"Non-Volatile memory controller","0108","Intel Corporation Device ","8086:f1aa","03","Intel Corporation Device [8086:390f]"
"Ethernet controller","0200","Realtek Semiconductor Co., Ltd. Device ","10ec:8126","01","Realtek Semiconductor Co., Ltd. Device [10ec:0123] :RTL8126 PCI Express 5G Gigabit Ethernet Controller"
"Bridge","0680","NVIDIA Corporation Device ","10de:22a3","a1","NVIDIA Corporation Device [10de:1796]"
"3D controller","0302","NVIDIA Corporation Device ","10de:2330","a1","NVIDIA Corporation Device [10de:16c1]"
"PCI bridge","-","Intel Corporation Device ","4910","-","-"
"PCI bridge","-","Intel Corporation Device ","490f","-","-"
"VGA compatible controller","-","Intel Corporation DG1 ","Iris Xe G","01","-"
"Audio device","-","Intel Corporation Device ","490d","-","-"
"Memory controller","-","Intel Corporation Device ","490e","-","-"
"USB controller","0C03","Advanced Micro Devices, Inc. [AMD] Device ","1022:15b8","-","ASUSTeK Computer Inc. Device [1043:8877]"
"VGA compatible controller","0300","Advanced Micro Devices, Inc. [AMD/ATI] Device ","1002:13c0","c1","ASUSTeK Computer Inc. Device [1043:8877]"
"Host bridge","0600","Advanced Micro Devices, Inc. [AMD] Device ","1022:14d8","-","ASUSTeK Computer Inc. Device [1043:8877]"
"IOMMU","0806","Advanced Micro Devices, Inc. [AMD] Device ","1022:14d9","-","ASUSTeK Computer Inc. Device [1043:8877]"
"PCI bridge","0604","Advanced Micro Devices, Inc. [AMD] Device ","1022:14db","-","ASUSTeK Computer Inc. Device [1043:8877]"
"PCI bridge","0604","Advanced Micro Devices, Inc. [AMD] Device ","1022:14db","-","ASUSTeK Computer Inc. Device [1043:8877] Subsystem: CLEVO/KAPOK Computer Device [1558:8535] Subsystem: CLEVO/KAPOK Computer Device [1558:8535]"
"VGA compatible controller","0300","Intel Corporation CometLake-H GT2 [UHD Graphics] ","8086:9bc4","05","CLEVO/KAPOK Computer Device [1558:8535] Subsystem: CLEVO/KAPOK Computer Device [1558:8535] Subsystem: CLEVO/KAPOK Computer Device [1558:8535] Subsystem: CLEVO/KAPOK Computer Device [1558:8535] Subsystem: CLEVO/KAPOK Computer Device [1558:8535] Subsystem: CLEVO/KAPOK Computer Device [1558:8535]"
"SATA controller","0106","Intel Corporation Device ","8086:06d3","-","CLEVO/KAPOK Computer Device [1558:8535] Subsystem: CLEVO/KAPOK Computer Device [1558:8535] Subsystem: CLEVO/KAPOK Computer Device [1558:8535]"
"PCI bridge","0604","Intel Corporation Device ","8086:06b5","f0","CLEVO/KAPOK Computer Device [1558:8535]"
"PCI bridge","0604","Intel Corporation Device ","8086:06b6","f0","CLEVO/KAPOK Computer Device [1558:8535] Subsystem: CLEVO/KAPOK Computer Device [1558:8535] Subsystem: CLEVO/KAPOK Computer Device [1558:8535] Subsystem: CLEVO/KAPOK Computer Device [1558:8535] Subsystem: CLEVO/KAPOK Computer Device [1558:8535]"
"VGA compatible controller","0300","NVIDIA Corporation TU117M [GeForce GTX 1650 Ti Mobile] ","10de:1f95","a1","CLEVO/KAPOK Computer Device [1558:8535]"
"Audio device","0403","NVIDIA Corporation Device ","10de:10fa","a1","NVIDIA Corporation Device [10de:0000]"
"Non-Volatile memory controller","0108","Solid State Storage Technology Corporation PLEXTOR M9PGN Plus NVMe SSD M.2 ","1e95:35f1","01","Marvell Technology Group Ltd. Device [1b4b:1092]"
"Unassigned class","FF00","Realtek Semiconductor Co., Ltd. RTL8411B PCI Express Card Reader ","10ec:5287","01","CLEVO/KAPOK Computer Device [1558:8535]"
"Ethernet controller","0200","Realtek Semiconductor Co., Ltd. RTL8111/8168/8211/8411 PCI Express Gigabit Ethernet Controller ","10ec:8168","12","Realtek Semiconductor Co., Ltd. Device [10ec:0123] Jackpot"
"System peripheral","-","Intel Corporation Device ","3442","-","-"
"System peripheral","-","Intel Corporation Device ","3443","-","-"
"System peripheral","-","Intel Corporation Device ","3445","-","-"
"System peripheral","-","Intel Corporation Device ","3446","-","-"
"System peripheral","-","Intel Corporation Device ","3447","-","-"
"System peripheral","-","Intel Corporation Device ","3448","-","-"
"System peripheral","-","Intel Corporation Device ","344b","-","-"
"Performance counters","-","Intel Corporation Device ","344a","-","-"
"Performance counters","-","Intel Corporation Device ","2880","-","-"
"System peripheral","-","Intel Corporation Device ","344c","-","-"
"System peripheral","-","Intel Corporation Device ","344d","-","-"
"System peripheral","-","Intel Corporation Device ","344f","-","-"
"System peripheral","-","Intel Corporation Device ","3457","-","-"
"System peripheral","-","Intel Corporation Device ","3458","06","-"
"System peripheral","-","Intel Corporation Device ","3459","06","-"
"System peripheral","-","Intel Corporation Device ","345a","06","-"
"System peripheral","-","Intel Corporation Device ","345b","06","-"
"System peripheral","-","Intel Corporation Device ","345c","06","-"
"System peripheral","-","Intel Corporation Device ","345d","06","-"
"System peripheral","-","Intel Corporation Device ","345e","06","-"
"System peripheral","-","Intel Corporation Device ","345f","06","-"
"System peripheral","-","Intel Corporation Device ","3442","-","Intel Corporation Device 0000"
"System peripheral","-","Intel Corporation Device ","3443","-","Intel Corporation Device 0000"
"System peripheral","-","Intel Corporation Device ","3445","-","Intel Corporation Device 0000"
"System peripheral","-","Intel Corporation Device ","3446","-","Intel Corporation Device 0000"
"System peripheral","-","Intel Corporation Device ","3447","-","Intel Corporation Device 0000"
"System peripheral","-","Intel Corporation Device ","3448","-","Intel Corporation Device 0000"
"System peripheral","-","Intel Corporation Device ","344b","-","Intel Corporation Device 0000"
"Performance counters","-","Intel Corporation Device ","344a","-","Intel Corporation Device 0000"
"Performance counters","-","Intel Corporation Device ","2880","-","Intel Corporation Device 0000"
"System peripheral","-","Intel Corporation Device ","344c","-","Intel Corporation Device 0000"
"System peripheral","-","Intel Corporation Device ","344d","-","Intel Corporation Device 0000"
"System peripheral","-","Intel Corporation Device ","344f","-","Intel Corporation Device 0000"
"System peripheral","-","Intel Corporation Device ","3457","-","Intel Corporation Device 0000"
"System peripheral","-","Intel Corporation Device ","3458","06","Intel Corporation Device 0000"
"System peripheral","-","Intel Corporation Device ","3459","06","Intel Corporation Device 0000"
"System peripheral","-","Intel Corporation Device ","345a","06","Intel Corporation Device 0000"
"System peripheral","-","Intel Corporation Device ","345b","06","Intel Corporation Device 0000"
"System peripheral","-","Intel Corporation Device ","345c","06","Intel Corporation Device 0000"
"System peripheral","-","Intel Corporation Device ","345d","06","Intel Corporation Device 0000"
"System peripheral","-","Intel Corporation Device ","345e","06","Intel Corporation Device 0000"
"System peripheral","-","Intel Corporation Device ","345f","06","Intel Corporation Device 0000"
